planet_type,total_time_span,temp_initial,temp_final,temp_mean,temp_std,temp_range,temp_trend,temp_volatility,temp_max_rate_change,co2_initial,co2_final,co2_mean,co2_std,co2_range,co2_trend,co2_volatility,temp_co2_correlation,cooling_rate,atmosphere_loss_rate,climate_stability_index,major_temp_regimes,major_co2_regimes
Lava World,1000000000.0,1956.359841444116,1496.623426988347,1550.0115163882779,111.26220349996406,688.9715190067934,-2.4211914298495925e-07,72.37857804368308,271.3437568484469,0.99,0.9567667641618306,0.9710817884365888,0.011090731141969078,0.033233235838169395,-3.7599838841319134e-11,2.1201894853773637e-05,0.6861275322607432,4.597364144557689e-07,3.3233235838169395e-11,0.00898688231447681,141,728
Hycean World,1000000000.0,425.5798911283625,327.1473223243897,418.44313176981115,70.12144143576347,279.47712741254395,-1.8206932383674956e-08,28.222266596961916,97.63035351422741,0.1,0.8946096424007316,0.740833966850903,0.19737978201951237,0.7946096424007316,5.856848425604533e-10,0.0009856124437476331,-0.25895197409277915,9.84325688039728e-08,-7.946096424007316e-10,0.01422094373427419,82,371
Super-Earth,1000000000.0,1032.3991660012523,857.9791163959285,858.1476371060094,58.9162038598908,302.8319230369549,-1.6190479326335616e-07,41.34942459300304,151.27788861283216,0.8999999999999999,0.7164169997247797,0.7734680136945794,0.05062920043971758,0.18358300027522023,-1.6697144376708683e-10,0.00012652411541140825,0.8638647466432972,1.744200496053238e-07,1.8358300027522023e-10,0.016958685893393288,22,671
Sub-Neptune,1000000000.0,1240.2768347088452,1391.2203354912256,1354.206466576346,79.014222806706,477.1590743199167,2.3128146312720302e-07,56.50621377144633,189.60052698000663,0.3,0.01,0.45337950505616315,0.3354302659809586,0.8899998196986698,-1.1177421088760879e-10,0.004033692297161905,-0.16457675303792382,-1.509435007823804e-07,2.9e-10,0.01260244955428735,77,407
