planet_type,initial_temp,final_temp,temp_change,temp_change_percent,co2_initial,co2_final,co2_change,evolution_pattern,climate_stability
Lava World,1956.359841444116,1496.623426988347,-459.7364144557689,-23.49958349770703,0.99,0.9567667641618306,-0.033233235838169395,Gradual_Evolution,0.0089868823144768
Hycean World,425.5798911283625,327.1473223243897,-98.4325688039728,-23.12904600426334,0.1,0.8946096424007316,0.7946096424007316,Cooling_Atmospheric_Buildup,0.0142209437342741
Super-Earth,1032.3991660012523,857.9791163959285,-174.4200496053238,-16.894632943273052,0.8999999999999999,0.7164169997247797,-0.18358300027522023,Runaway_Cooling_Atmospheric_Loss,0.0169586858933932
Sub-Neptune,1240.2768347088452,1391.2203354912256,150.9435007823804,12.170145935025415,0.3,0.01,-0.29,Stable_Warming,0.0126024495542873
